{"cameraMode":{"drawMode":0,"name":"Shaded","section":"Shading Mode"},"sceneLighting":true,"audioPlay":false,"sceneViewState":{"showFog":true,"showMaterialUpdate":false,"showSkybox":true,"showFlares":true,"showImageEffects":true,"showParticleSystems":true},"in2DMode":false,"pivot":{"x":0.039999961853027347,"y":-0.28000009059906008,"z":5.75032901763916},"rotation":{"x":0.03299356997013092,"y":0.005996639374643564,"z":-0.00019809372315648943,"w":0.9994397163391113},"size":2.592334032058716,"orthographic":false}