{"cameraMode":{"drawMode":0,"name":"Shaded","section":"Shading Mode"},"sceneLighting":false,"audioPlay":false,"sceneViewState":{"showFog":true,"showMaterialUpdate":false,"showSkybox":false,"showFlares":true,"showImageEffects":true,"showParticleSystems":true},"in2DMode":false,"pivot":{"x":-0.19850008189678193,"y":0.0,"z":5.800000190734863},"rotation":{"x":0.0104998629540205,"y":-4.1197075972831956e-8,"z":-1.0254910876028589e-7,"w":0.9999457597732544},"size":0.3608909249305725,"orthographic":false}